{"cameraMode":{"drawMode":0,"name":"Shaded","section":"Shading Mode"},"sceneLighting":true,"audioPlay":false,"sceneViewState":{"m_AlwaysRefresh":false,"showFog":true,"showSkybox":true,"showFlares":true,"showImageEffects":true,"showParticleSystems":true,"showVisualEffectGraphs":true,"m_FxEnabled":true},"in2DMode":false,"pivot":{"x":-0.12092708051204682,"y":39.347354888916019,"z":-43.859657287597659},"rotation":{"x":-0.255427747964859,"y":-0.019455263391137124,"z":0.004916646517813206,"w":-0.9667266011238098},"size":2.714400053024292,"orthographic":false}